{
  "EN": {
    "CONFIRM": "✅Confirm",
    "CANCEL": "❌Cancel",
    "BOT_USERS_MANAGEMENT": "👤Bot Users Management",
    "USERS_LIST": "👤Bot Users List",
    "SEARCH_USERS_BOT": "🔍Search Bot Users",
    "ORDERS_MANAGEMENT": "📗Orders Management",
    "ORDERS_LIST": "📗Orders List",
    "SEARCH_ORDERS": "🔍Search Orders",
    "PAYMENT_MANAGEMENT": "💵Payment Management",
    "APPROVED_PAYMENTS_LIST": "✅Approved Payment List",
    "NON_APPROVED_PAYMENTS_LIST": "🚫Non Approved Payment List",
    "PENDING_PAYMENT_LIST": "⏳Pending Payment List",
    "CARD_PAYMENT_LIST": "💳Card Payment List",
    "DIGITAL_PAYMENT_LIST": "💸Digital Payment List",
    "SEARCH_PAYMENTS": "🔍Search Payment",
    "USER_SUB_LIST": "📋Subscriptions List",
    "EDIT_WALLET": "💳Edit Wallet",
    "PAYMENTS_LIST": "💵Payment List",
    "GIFT_LIST": "🎁Gift List",
    "REFERRED_LIST": "🎗Referred List",
    "USERS_SEARCH": "🔍Search User",
    "ADD_USER": "➕Add User",
    "SERVER_BACKUP": "📥Panel Backup",
    "SERVER_STATUS": "📈Server Status",
    "USERS_BOT_MANAGEMENT": "🤖Users Bot Management",
    "NEXT_PAGE": "➡️",
    "PREV_PAGE": "⬅️",
    "CONFIGS_USER": "Configs",
    "EDIT_USER": "Edit User",
    "DELETE_USER": "Delete User",
    "EDIT_NAME": "👤Edit Name",
    "EDIT_USAGE": "📊Edit Usage",
    "RESET_USAGE": "🔄Reset Usage",
    "EDIT_DAYS": "📆Edit Days",
    "RESET_DAYS": "🔄Reset Days",
    "EDIT_COMMENT": "📝Edit Comment",
    "UPDATE_MESSAGE": "🔄Update Message",
    "BACK": "🔙Back",
    "CONFIGS_DIR": "Configs",
    "CONFIGS_SUB_AUTO": "Auto Subscription",
    "CONFIGS_SUB": "Subscription Link",
    "CONFIGS_SUB_B64": "Subscription Link b64",
    "CONFIGS_CLASH": "Clash Subscription",
    "CONFIGS_HIDDIFY": "Hiddify Subscription",
    "CONFIGS_SING_BOX": "Sing-box",
    "CONFIGS_FULL_SING_BOX": "Full Sing-box",
    "SEARCH_USER_NAME": "Search by Name",
    "SEARCH_USER_TELEGRAM_ID": "Search by Telegram ID",
    "SEARCH_USER_UUID": "Search by UUID",
    "SEARCH_USER_CONFIG": "Search by Config",
    "SEARCH_EXPIRED_USERS": "Expired Users List",
    "USERS_BOT_ADD_PLAN": "➕Add Plan",
    "USERS_BOT_DEL_PLAN": "➖Delete Plan",
    "USERS_BOT_OWNER_INFO": "👤Owner Info",
    "USERS_BOT_OWNER_INFO_EDIT": "👤Edit Owner Info",
    "USERS_BOT_ORDERS_STATUS": "📈Payment Status",
    "USERS_BOT_SUB_STATUS": "📈Subscription Status",
    "USERS_BOT_OWNER_INFO_EDIT_CARD_NAME": "Edit Card Holder Name",
    "USERS_BOT_OWNER_INFO_EDIT_CARD_NUMBER": "Edit Card Number",
    "USERS_BOT_OWNER_INFO_EDIT_USERNAME": "Edit Support Username",
    "USERS_BOT_SEND_MESSAGE_TO_USERS": "📩Send Message to Users",
    "USERS_BOT_SETTINGS": "⚙️Settings",
    "USERS_BOT_SETTINGS_SHOW_HIDI_LINK": "User Page Hyperlink",
    "USERS_BOT_SETTINGS_SHOW_THREE_RAND": "Random 3 Digit Price",
    "USERS_BOT_SETTINGS_MIN_DEPO": "Minimum Deposit",
    "USERS_BOT_SETTINGS_PNL_V8_FEATURES": "Panel V8 Features",
    "USERS_BOT_SETTINGS_CHANNEL_ID": "Support Channel",
    "USERS_BOT_SETTINGS_CHANNEL_ّFORCE_JOIN": "Force Join",
    "USERS_BOT_SETTINGS_VISIBLE_SUBS": "Visible Subscriptions",
    "USERS_BOT_SETTINGS_SET_WELCOME_MSG": "Welcome Message",
    "USERS_BOT_SETTINGS_SET_FAQ_MSG": "ّFAQ",
    "USERS_BOT_SETTINGS_SET_FAQ_MESSAGE": "Set FAQ",
    "USERS_BOT_SETTINGS_HIDE_FAQ": "❌Hide FAQ",
    "USERS_BOT_SETTINGS_TEST_SUB": "Test Subscription",
    "USERS_BOT_SETTINGS_TEST_SUB_DAYS": "Test Subscription Days",
    "USERS_BOT_SETTINGS_TEST_SUB_SIZE": "Test Subscription Size",
    "USERS_BOT_SETTINGS_NOTIF_REMINDER": "Subscription Reminder",
    "USERS_BOT_SETTINGS_NOTIF_REMINDER_USAGE": "Usage Reminder",
    "USERS_BOT_SETTINGS_NOTIF_REMINDER_DAYS": "Days Reminder",
    "USERS_BOT_SETTINGS_PANEL_AUTO_BACKUP": "Auto Backup",
    "USERS_BOT_SETTINGS_BOT_AUTO_BACKUP": "Bot Auto Backup",
    "USERS_BOT_SETTINGS_PANEL_MANUAL": "Manual",
    "USERS_BOT_SETTINGS_PANEL_MANUAL_ANDROID": "Android Manual",
    "USERS_BOT_SETTINGS_PANEL_MANUAL_IOS": "IOS Manual",
    "USERS_BOT_SETTINGS_PANEL_MANUAL_WIN": "Windows Manual",
    "USERS_BOT_SETTINGS_PANEL_MANUAL_MAC": "Mac Manual",
    "USERS_BOT_SETTINGS_PANEL_MANUAL_LIN": "Linux Manual",
    "USERS_BOT_SETTINGS_BACKUP_BOT": "Backup Bot",
    "USERS_BOT_SETTINGS_RESTORE_BOT": "Restore Bot",
    "USERS_BOT_SETTINGS_BUY_SUBSCRIPTION_STATUS": "Buy Subscription",
    "USERS_BOT_SETTINGS_RENEWAL_SUBSCRIPTION_STATUS": "Renewal Subscription",
    "USERS_BOT_SETTINGS_RENEWAL_METHOD": "Renewal Method",
    "USERS_BOT_SETTINGS_RENEWAL_METHOD_DEFAULT": "Default",
    "USERS_BOT_SETTINGS_RENEWAL_METHOD_ADVANCED": "Advanced",
    "USERS_BOT_SETTINGS_RENEWAL_METHOD_FAIRLY": "Fairly",
    "USERS_BOT_SETTINGS_RENEWAL_METHOD_ADVANCED_DAYS": "Maximum Days for Renewal",
    "USERS_BOT_SETTINGS_RENEWAL_METHOD_ADVANCED_USAGE": "Maximum Usage for Renewal",
    "USERS_BOT_SETTINGS_RESET_FREE_TEST_LIMIT": "Reset free test limit",
    "ABOUT_BOT": "ℹ️",
    "TO_QR": "ً🖼QR",
    "SUPPORT_GROUP": "Support Group",
    "SERVERS_MANAGEMENT":"🖥Servers Management",
    "ADD_SERVER": "➕Add Server",
    "EDIT_SERVER": "Edit Server",
    "DELETE_SERVER": "➖Delete Server",
    "SERVER_LIST_OF_USERS": "👤Users List",
    "SERVER_LIST_OF_PLANS": "Plans List",
    "SERVER_EDIT_TITLE": "Edit title",
    "SERVER_EDIT_USER_LIMIT": "Edit User Limit",
    "SERVER_EDIT_URL": "Edit URL",
    "CHANGE_STATUS_PAYMENT": "Change Payment Status",
    "CONFIRM_PAYMENT": "✅Confirm Payment",
    "NO": "❌No",
    "YES": "✅Yes",
    "ANSWER": "Answer",
    "SEND_MESSAGE": "Send Message",
    "DEBUG":"DEBUG",
    "SKIP":"⏩Skip",
    "RESET_TEST":"🔄Reset Test",
    "BAN_USER":"🚫Ban User"
  },
  "FA": {
    "CONFIRM": "✅تأیید",
    "CANCEL": "❌لغو",
    "BOT_USERS_MANAGEMENT": "👤مدیریت کاربران ربات",
    "USERS_LIST": "👤لیست کاربران ربات",
    "SEARCH_USERS_BOT": "🔍جستجوی کاربران ربات",
    "ORDERS_MANAGEMENT": "📗مدیریت سفارشات",
    "ORDERS_LIST": "📗لیست سفارشات",
    "SEARCH_ORDERS": "🔍جستجوی سفارشات",
    "PAYMENT_MANAGEMENT": "💵مدیریت تراکنشات",
    "APPROVED_PAYMENTS_LIST": "✅لیست تراکنشات تایید شده",
    "NON_APPROVED_PAYMENTS_LIST": "🚫لیست تراکنشات رد شده",
    "PENDING_PAYMENT_LIST": "⏳لیست تراکنشات در انتظار",
    "CARD_PAYMENT_LIST": "💳لیست تراکنشات کارت به کارت",
    "DIGITAL_PAYMENT_LIST": "💸لیست تراکنشات دیجیتال",
    "SEARCH_PAYMENTS": "🔍جستجوی تراکنش",
    "USER_SUB_LIST": "📋لیست سرویس‌ها",
    "EDIT_WALLET": "💳ویرایش کیف پول",
    "PAYMENTS_LIST": "💵لیست تراکنشات",
    "GIFT_LIST": "🎁لیست هدایا",
    "REFERRED_LIST": "🎗لیست معرفی شده‌ها",
    "USERS_SEARCH": "🔍جستجوی کاربر",
    "ADD_USER": "➕افزودن کاربر",
    "SERVER_BACKUP": "📥دریافت بکاپ",
    "SERVER_STATUS": "📈وضعیت سرور",
    "USERS_BOT_MANAGEMENT": "🤖مدیریت ربات کاربران",
    "NEXT_PAGE": "➡️",
    "PREV_PAGE": "⬅️",
    "CONFIGS_USER": "کانفیگ ها",
    "EDIT_USER": "ویرایش کاربر",
    "DELETE_USER": "حذف کاربر",
    "EDIT_NAME": "👤ویرایش نام",
    "EDIT_USAGE": "📊ویرایش حجم",
    "RESET_USAGE": "🔄بازنشانی حجم",
    "EDIT_DAYS": "📆ویرایش مدت",
    "RESET_DAYS": "🔄بازنشانی مدت",
    "EDIT_COMMENT": "📝ویرایش یادداشت",
    "UPDATE_MESSAGE": "🔄به‌روزرسانی پیام",
    "BACK": "🔙بازگشت",
    "CONFIGS_DIR": "کانفیگ مستقیم",
    "CONFIGS_SUB_AUTO": "اشتراک خودکار",
    "CONFIGS_SUB": "لینک اشتراک",
    "CONFIGS_SUB_B64": "لینک اشتراک b64",
    "CONFIGS_CLASH": "اشتراک Clash",
    "CONFIGS_HIDDIFY": "اشتراک Hiddify",
    "CONFIGS_SING_BOX": "Sing-box",
    "CONFIGS_FULL_SING_BOX": "Full Sing-box",
    "SEARCH_USER_NAME": "جستجو با نام",
    "SEARCH_USER_TELEGRAM_ID": "جستجو با Telegram ID",
    "SEARCH_USER_UUID": "جستجو با UUID",
    "SEARCH_USER_CONFIG": "جستجو با کانفیگ",
    "SEARCH_EXPIRED_USERS": "لیست کاربران منقضی",
    "USERS_BOT_ADD_PLAN": "➕افزودن پلن",
    "USERS_BOT_DEL_PLAN": "➖حذف پلن",
    "USERS_BOT_OWNER_INFO": "👤اطلاعات مالک",
    "USERS_BOT_OWNER_INFO_EDIT": "ویرایش اطلاعات مالک",
    "USERS_BOT_ORDERS_STATUS": "📊پیگیری تراکنش",
    "USERS_BOT_SUB_STATUS": "📊پیگیری اشتراک",
    "USERS_BOT_OWNER_INFO_EDIT_USERNAME": "ویرایش نام کاربری پشتیبان",
    "USERS_BOT_OWNER_INFO_EDIT_CARD_NUMBER": "ویرایش شماره کارت",
    "USERS_BOT_OWNER_INFO_EDIT_CARD_NAME": "ویرایش نام صاحب کارت",
    "USERS_BOT_SEND_MESSAGE_TO_USERS": "📩ارسال پیام همگانی",
    "USERS_BOT_SETTINGS": "⚙️تنظیمات",
    "USERS_BOT_SETTINGS_SHOW_HIDI_LINK": "هایپرلینک هیدیفای",
    "USERS_BOT_SETTINGS_SHOW_THREE_RAND": "مشخصه تصادفی قیمت",
    "USERS_BOT_SETTINGS_MIN_DEPO": "محدودیت حداقل تراکنش",
    "USERS_BOT_SETTINGS_PNL_V8_FEATURES": "اشتراک های نسخه 8",
    "USERS_BOT_SETTINGS_CHANNEL_ID": "تنظیم کانال پشتیبانی",
    "USERS_BOT_SETTINGS_CHANNEL_ّFORCE_JOIN": "عضویت اجباری",
    "USERS_BOT_SETTINGS_VISIBLE_SUBS": "وضعیت نمایش اشتراک ها",
    "USERS_BOT_SETTINGS_SET_WELCOME_MSG": "پیام خوش آمدگویی",
    "USERS_BOT_SETTINGS_SET_FAQ_MSG": "متن سوالات متداول",
    "USERS_BOT_SETTINGS_SET_FAQ_MESSAGE": "تنظیم متن سوالات متداول",
    "USERS_BOT_SETTINGS_HIDE_FAQ": "❌حذف سوالات متداول",
    "USERS_BOT_SETTINGS_TEST_SUB": "مشخصات اشتراک تستی",
    "USERS_BOT_SETTINGS_TEST_SUB_DAYS": "مدت اشتراک تستی",
    "USERS_BOT_SETTINGS_TEST_SUB_SIZE": "حجم اشتراک تستی",
    "USERS_BOT_SETTINGS_NOTIF_REMINDER": "یادآور وضعیت اشتراک",
    "USERS_BOT_SETTINGS_NOTIF_REMINDER_USAGE": "یادآور وضعیت مصرف",
    "USERS_BOT_SETTINGS_NOTIF_REMINDER_DAYS": "یادآور وضعیت زمان",
    "USERS_BOT_SETTINGS_PANEL_AUTO_BACKUP": "ارسال خودکار بکاپ",
    "USERS_BOT_SETTINGS_BOT_AUTO_BACKUP": "بکاپ خودکار ربات",
    "USERS_BOT_SETTINGS_PANEL_MANUAL": "متن راهنما",
    "USERS_BOT_SETTINGS_PANEL_MANUAL_ANDROID": "راهنمای اندروید",
    "USERS_BOT_SETTINGS_PANEL_MANUAL_IOS": "راهنمای IOS",
    "USERS_BOT_SETTINGS_PANEL_MANUAL_WIN": "راهنمای ویندوز",
    "USERS_BOT_SETTINGS_PANEL_MANUAL_MAC": "راهنمای مک",
    "USERS_BOT_SETTINGS_PANEL_MANUAL_LIN": "راهنمای لینوکس",
    "USERS_BOT_SETTINGS_BACKUP_BOT": "پشتیبان گیری ربات",
    "USERS_BOT_SETTINGS_RESTORE_BOT": "بازیابی ربات",
    "USERS_BOT_SETTINGS_BUY_SUBSCRIPTION_STATUS": "خرید اشتراک",
    "USERS_BOT_SETTINGS_RENEWAL_SUBSCRIPTION_STATUS": "تمدید اشتراک",
    "USERS_BOT_SETTINGS_RENEWAL_METHOD": "شیوه تمدید",
    "USERS_BOT_SETTINGS_RENEWAL_METHOD_DEFAULT": "پیشفرض",
    "USERS_BOT_SETTINGS_RENEWAL_METHOD_ADVANCED": "پیشرفته",
    "USERS_BOT_SETTINGS_RENEWAL_METHOD_FAIRLY": "منصفانه",
    "USERS_BOT_SETTINGS_RENEWAL_METHOD_ADVANCED_DAYS": "حداکثر زمان مجاز برای تمدید",
    "USERS_BOT_SETTINGS_RENEWAL_METHOD_ADVANCED_USAGE": "حداکثر مصرف مجاز برای تمدید",
    "USERS_BOT_SETTINGS_RESET_FREE_TEST_LIMIT": "بازنشانی تست رایگان",
    "ABOUT_BOT": "ℹ️",
    "TO_QR": "ً🖼کیوآر",
    "SUPPORT_GROUP": "گروه پشتیبانی",
    "SERVERS_MANAGEMENT":"🖥 مدیریت سرورها",
    "ADD_SERVER": "➕افزودن سرور",
    "EDIT_SERVER": "ویرایش سرور",
    "DELETE_SERVER": "حذف سرور",
    "SERVER_LIST_OF_USERS": "مدیریت کاربران",
    "SERVER_LIST_OF_PLANS": "لیست پلن‌ها",
    "SERVER_EDIT_TITLE": "ویرایش عنوان",
    "SERVER_EDIT_USER_LIMIT": "ویرایش محدودیت کاربر",
    "SERVER_EDIT_URL": "ویرایش لینک",
    "CHANGE_STATUS_PAYMENT": "تغییر وضعیت تراکنش",
    "CONFIRM_PAYMENT": "✅تایید تراکنش",
    "NO": "❌خیر",
    "YES": "✅بله",
    "ANSWER": "📤پاسخ",
    "SEND_MESSAGE": "📤ارسال پیام",
    "DEBUG":"DEBUG",
    "SKIP":"⏩رد کردن",
    "RESET_TEST":"🔄بازنشانی اشتراک تستی",
    "BAN_USER":"🚫مسدود کردن کاربر"

  }
}