{
  "EN": {
    "WELCOME": "Welcome to Hiddify Management Bot",
    "ERROR_INVALID_NUMBER": "❌Only numbers are allowed!",
    "ERROR_USER_NOT_FOUND": "❌User not found",
    "ERROR_INVALID_COMMAND": "❌Invalid command",
    "ERROR_UNKNOWN": "❌Unknown error",
    "ERROR_CONFIG_NOT_FOUND": "❌Config not found",
    "ERROR_PLAN_NOT_FOUND": "❌Plan not found",
    "ERROR_SUB_NOT_FOUND": "❌Subscription not found",
    "ERROR_CHANNEL_ID_NOT_SET": "❌Channel ID not set, please set it first.",
    "SUCCESS_USER_DELETED": "✅User deleted",
    "SUCCESS_USER_EDITED": "✅User edited",
    "SUCCESS_USER_ADDED": "✅User added",
    "SUCCESS_USER_USAGE_EDITED": "✅Usage limit edited to:",
    "SUCCESS_USER_DAYS_EDITED": "✅Days edited to:",
    "SUCCESS_USER_NAME_EDITED": "✅Name edited to:",
    "SUCCESS_USER_COMMENT_EDITED": "✅Comment edited to:",
    "SUCCESS_ADD_USER": "✅User added",
    "SUCCESS_SEARCH_USER": "✅User found",
    "SUCCESS_SEARCH_SUB": "✅Subscription found",
    "SUCCESS_SEND_MSG_USERS": "✅Message sent to users",
    "SUCCESS_REMOVED_SERVER": "✅Server removed",
    "SUCCESS_RESET_FREE_TEST": "✅Free trial limit successfully reset",
    "WAIT": "Please wait...",
    "CANCELED": "❌Canceled",
    "CANCEL_ADD_USER": "❌Add User Canceled",
    "ADD_USER_NAME": "Please enter the name of the user: ",
    "ADD_USER_COMMENT": "Please enter the comment of the user: ",
    "ADD_USER_USAGE_LIMIT": "Please enter the usage limit of the user (GB): ",
    "ADD_USER_DAYS": "Please enter the days of package: ",
    "ENTER_NEW_USAGE_LIMIT": "Please enter new usage limit (GB): ",
    "ENTER_NEW_DAYS": "Please enter new limit: ",
    "ENTER_NEW_NAME": "Please enter new name: ",
    "ENTER_NEW_COMMENT": "Please enter new comment: ",
    "RESET_USAGE": "✅Usage limit reset",
    "RESET_DAYS": "✅Days reset",
    "ADD_USER_CONFIRM": "Please confirm the information:",
    "ERROR_NOT_ADMIN": "❌You are not admin!",
    "NEW_USER_INFO": "[New User Info]",
    "EDITED_USER_INFO": "[User Info Updated]",
    "EXPIRED_USERS_LIST": "[EXPIRED USERS LIST]",
    "GB": "GB",
    "DAY_EXPIRE": "Days",
    "INFO_USAGE": "📊Usage:",
    "OF": "of",
    "INFO_REMAINING_DAYS": "📆Remaining Days:",
    "INFO_LAST_CONNECTION": "📶Last Connection:",
    "INFO_COMMENT": "📝Comment:",
    "INFO_USER_NAME": "⬖ Name:",
    "INFO_USER_USERNAME": "⬖ Username:",
    "INFO_USER_NUM_ID": "⬖ Telegram ID:",
    "HEADER_USERS_LIST": "⬖ Users List",
    "HEADER_USERS_LIST_MSG": "ℹ️You can see the list of users and their information here.",
    "NUM_USERS": "🟢Number of users: ",
    "NUM_USERS_ONLINE": "🔵Online users: ",
    "NUM_GET_FREE_USERS": "⬖ Number of received free test: ",
    "NUM_ORDERED_USERS": "⬖ Number of users placed order: ",
    "TOTAL_BALANCE_USERS": "⬖ Total balance of users' wallets: ",
    "SEARCH_USER": "Please select the search method",
    "SEARCH_USER_NAME": "Please enter the name of the user: ",
    "SEARCH_USER_TELEGRAM_ID": "Please enter the Telegram ID of the user: ",
    "SEARCH_USER_UUID": "Please enter the UUID of the user: ",
    "SEARCH_USER_CONFIG": "Please enter one of the config of the user: ",
    "SEARCH_RESULT": "[Search Result]",
    "MONTH": "Months",
    "WEEK": "Weeks",
    "DAY": "Days",
    "HOUR": "Hours",
    "MINUTE": "Minutes",
    "ONLINE": "Online",
    "AGO": "ago",
    "NEVER": "Never",
    "TOMAN": "T",
    "CURRENT_VALUE": "Current Value",
    "ERROR_CLIENT_TOKEN": "❌Client bot is not set!",
    "USERS_BOT_ADD_PLAN": "Please complete the following information to add a plan",
    "USERS_BOT_ADD_PLAN_DAYS": "Please enter the days of Plan: ",
    "USERS_BOT_ADD_PLAN_USAGE": "Please enter the usage limit(GB) of the Plan: ",
    "USERS_BOT_ADD_PLAN_PRICE": "Please enter the price(TOMAN) of the Plan: ",
    "USERS_BOT_ADD_PLAN_DESC": "Please enter the description of the Plan: ",
    "USERS_BOT_ADD_PLAN_CONFIRM": "Please confirm the information:",
    "USERS_BOT_ADD_PLAN_SUCCESS": "✅Plan added",
    "USERS_BOT_OWNER_INFO_NOT_FOUND": "Owner info not found!\nPlease set it first.",
    "USERS_BOT_OWNER_INFO_ADD_USERNAME": "Please enter the username of the support bot: ",
    "USERS_BOT_OWNER_INFO_ADD_CARD_NUMBER": "Please enter the card number: ",
    "USERS_BOT_OWNER_INFO_ADD_CARD_NAME": "Please enter the name of the card owner: ",
    "USERS_BOT_SEND_MSG_USERS": "Please enter the message you want to send to users:",
    "USERS_BOT_PLANS_LIST": "📋Plans List",
    "USERS_BOT_SELECT_PLAN_TO_DELETE": "Please select the plan you want to delete:",
    "USERS_BOT_PLAN_DELETED": "✅Plan deleted",
    "SUCCESS_UPDATE_DATA": "✅Data updated",
    "USERS_BOT_SETTINGS": "⚙️Users Bot Settings",
    "USERS_BOT_SETTINGS_HYPERLINK": "Set Hyperlink visibility when user request subscription info",
    "USERS_BOT_ORDER_NUMBER_REQUEST": "Please enter the payment number:",
    "USERS_BOT_SUB_ID_REQUEST": "Please enter the subscription ID:",
    "USERS_BOT_SETTING_MIN_DEPO": "Please enter the minimum deposit:",
    "USERS_BOT_SETTING_CHANNEL_ID": "Please enter the channel ID:",
    "USERS_BOT_SETTING_FORCE_JOIN_HELP": "⭕Please add the bot to your channel and make it admin to work properly.",
    "USERS_BOT_SETTING_WELCOME_MSG": "Please enter the welcome message:",
    "USERS_BOT_SETTING_FAQ_MSG": "Please enter the faq text to show in the user panel:",
    "USERS_BOT_SETTINGS_TEST_SUB_DAYS": "Please enter the days of test subscription:",
    "USERS_BOT_SETTINGS_TEST_SUB_USAGE": "Please enter the usage limit(GB) of test subscription:",
    "USERS_BOT_SETTINGS_NOTIF_REMINDER_DAYS": "Set the number of days before the end of the subscription to send a reminder message:",
    "USERS_BOT_SETTINGS_NOTIF_REMINDER_USAGE": "Set the remaining GB to send a reminder message:",
    "USERS_BOT_SETTINGS_PANEL_MANUAL": "Please enter the manual text to show in the user panel:",
    "USERS_BOT_SETTINGS_BACKUP_BOT": "Backup Bot File",
    "USERS_BOT_SETTINGS_RESTORE_BOT": "This feature is under test, so be careful when using it and ask your questions from the support group.\nRestore Bot Backup File",
    "USERS_BOT_SETTINGS_RENEWAL_METHOD_ADVANCED_DAYS":"Set the number of days before the end of the subscription to allow the user to renew the subscription:",
    "USERS_BOT_SETTINGS_RENEWAL_METHOD_ADVANCED_USAGE":"Set the remaining GB to allow the user to renew the subscription:",
    "USERS_BOT_SETTINGS_RESET_FREE_TEST_LIMIT_QUESTION": "Are you sure you want to reset your free trial?\n⚠️By confirming this, all users are able to take a free test again",
    "ERROR_INVALID_USERNAME": "❌Invalid username\nUsername must start with @",
    "ERROR_INVALID_CARD_NUMBER": "❌Invalid card number",
    "PAYMENT_CONFIRMED": "✅Payment confirmed",
    "PAYMENT_NOT_CONFIRMED": "❌Payment not confirmed",
    "ERROR_PAYMENT_ALREADY_CONFIRMED": "❌Payment already confirmed",
    "ERROR_PAYMENT_ALREADY_REJECTED": "❌Payment already rejected",
    "PAYMENT_CONFIRMED_ADMIN": "✅Payment confirmed",
    "PAYMENT_NOT_CONFIRMED_ADMIN": "❌Payment not confirmed",
    "ERROR_PAYMENT_NOT_FOUND": "❌Payment not found",
    "ERROR_ORDER_NOT_FOUND": "❌Order not found",
    "ERROR_GIFT_NOT_FOUND": "❌Gift not found",
    "ORDER_ID": "Payment number:",
    "SUB_ID": "Subscription ID:",
    "USER_TIME_EXPIRED": "⚠️EXPIRED",
    "USER_LAST_DAY": "Last Day",
    "PAYMENT_ASK_CHANGE_STATUS": "Do you want to change the status of the payment?",
    "PAYMENT_ACCEPT_STATUS_CONFIRMED": "🟢Confirmed",
    "PAYMENT_ACCEPT_STATUS_NOT_CONFIRMED": "🔴Not Confirmed",
    "PAYMENT_ACCEPT_STATUS_WAITING": "🟡Waiting",
    "PAYMENT_ACCEPT_STATUS": "Status:",
    "CREATED_AT": "Created:",
    "WALLET_PAYMENT_CONFIRMED": "✅Payment confirmed\nYour wallet balance has increased.",
    "FEATUR_UNAVAILABLE": "❌This feature is not available at the moment.",
    "REQUEST_JOIN_HIDY": "Please join the support group to get the latest information.",
    "WELCOME_TO_ADMIN": "Hiddify Management Bot has been successfully launched.\nTo start working, send the /start command.",
    "SUCCESS_RESTORE_BOT": "✅Bot restored successfully",
    "ADD_SERVER": "Please complete the following information to add a server",
    "ADD_SERVER_TITLE": "Please enter the title of Server: ",
    "ADD_SERVER_USER_LIMIT": "Please enter the user limit of the Server: ",
    "ADD_SERVER_URL": "Please enter the url of the Server: ",
    "ERROR_ADD_SERVER_URL": "Please enter the valid url of the Server: ",
    "ERROR_SAME_SERVER_URL": "This link is already registered for another server, please submit another link:",
    "ADD_SERVER_SUCCESS": "✅Server added",
    "INFO_SERVER": "Server:",
    "INFO_SERVER_USER_NUMBER": "Number of Users:",
    "INFO_SERVER_USER_PLAN": "Number of Plan:",
    "DELETE_SERVER_QUESTION": "Are you sure you want to delete the server?\n⚠️After deleting subscriptions related to this server, it is not visible to users.",
    "ERROR_SERVER_NOT_FOUND": "❌Server not found",
    "INFO_PLAN_ID": "Plan ID:",
    "INFO_PLAN_USAGE": "Usage limit(GB):",
    "INFO_PLAN_DAYS": "Time limitation:",
    "INFO_PLAN_PRICE": "Price",
    "INFO_PLAN_DESC": "Description:",
    "INFO_PLAN_NUM_ORDER": "Purchases",
    "INFO_PLAN_TOTAL_SALE": "Total sales",
    "SUCCESS_SERVER_TITLE_EDITED":"✅Title edited to:",
    "SUCCESS_SERVER_USER_LIMIT_EDITED" : "✅User limit edited to:",
    "SUCCESS_SERVER_URL_EDITED": "✅URL edited to:",
    "SERVER": "⬖ Server:",
    "HEADER_ORDERS_LIST": "⬖ Orders List",
    "NUM_ORDERS": "⬖ Number of Orders: ",
    "TOTAL_ORDERS_VALUME": "⬖ Total volume ordered(GB): ",
    "TOTAL_ORDERS_SALES": "⬖ Total value of orders: ",
    "LAST_30DAYS_NUM_ORDERS": "⬖ Number of Last 30 Days Orders: ",
    "LAST_30DAYS_ORDERS_VALUME": "⬖ Volume ordered in Last 30 Days(GB): ",
    "LAST_30DAYS_ORDERS_SALES": "⬖ Value of orders in Last 30 Days: ",
    "THIS_MONTH_NUM_ORDERS": "⬖ Number of This Month Orders: ",
    "THIS_MONTH_ORDERS_VALUME": "⬖ Volume ordered in This Month(GB): ",
    "THIS_MONTH_ORDERS_SALES": "⬖ Value of orders in This Month: ",
    "HEADER_PAYMENT_LIST": "⬖ Payment List",
    "NUM_PAYMENTS": "⬖ Number of Payments: ",
    "TOTAL_PAYMENTS_AMOUNT": "⬖ Total amount payment: ",
    "LAST_30DAYS_NUM_PAYMENTS": "⬖ Number of Last 30 Days Payments: ",
    "LAST_30DAYS_PAYMENTS_AMOUNT": "⬖ Amount of Payments in Last 30 Days: ",
    "THIS_MONTH_NUM_PAYMENTS": "⬖ Number of This Month Payments: ",
    "THIS_MONTH_PAYMENTS_AMOUNT": "⬖ Amount of Payments in This Month: ",
    "GET_FREE_TEST_STATUS": "⬖ Free Test Status: ",
    "WALLET_BALANCE": "⬖ Wallet Balance: ",
    "NUM_ORDER_SUB": "⬖ Number of ordered subscriptions: ",
    "NUM_NON_ORDER_SUB": "⬖ Number of connected subscriptions: ",
    "NUM_APPROVED_PAYMENTS": "⬖ Number of Approved Payments: ",
    "BOT_ORDER_ID": "⬖ Order Number: ",
    "ORDERED_VALUME": "⬖ Ordered Volume: ",
    "ORDERED_DAYS": "⬖ Ordered Days: ",
    "ORDERED_PRICE": "⬖ Ordered Price: ",
    "SUB_NAME": "⬖ Subscription title: ",
    "BOT_ORDER_DATE": "⬖ Order Date: ",
    "ORDER_NUMBER_REQUEST": "Please enter the order number:",
    "PAYMENTS_ID": "⬖ Payment number: ",
    "BOT_PAYMENT_DATE": "⬖ Payment Date: ",
    "PAIED_AMOUNT": "⬖ Paid amount: ",
    "STATUS": "⬖ Status: ",
    "PAYMENTS_METHOD": "⬖ Payment Method: ",
    "PAYMENT_NUMBER_REQUEST": "Please enter the payment number:",
    "CHANGE_STATUS_PAYMENT_CONFIRM_REQUEST": "⚠️Are you sure about the changing payment status?",
    "WALLET_CHANGED_TO_PAYMENT_CONFIRMED": "✅Payment changed to confirmed by admin\nYour wallet balance has increased.",
    "PAYMENT_CHANGED_TO_NOT_CONFIRMED": "❌Payment changed to rejected by admin And the payment amount is deducted from your wallet balance\nPlease contact support if a mistake has been made.",
    "PAYMENT_CHANGED_TO_CONFIRMED_ADMIN": "✅Payment changed to confirmed",
    "PAYMENT_CHANGED_TO_NOT_CONFIRMED_ADMIN": "❌Payment changed to rejected",
    "SUCCESS_SEARCH_ORDER": "✅Order found",
    "SUCCESS_SEARCH_PAYMENT": "✅Payment found",
    "NOT_SET ": "Not set",
    "EDIT_WALLET_BALANCE": "Please enter the new balance:",
    "SEND_MESSAGE_TO_USER": "Please enter message you want to send to the user:",
    "MESSAGE_SENDED": "Message Sended",
    "ADMIN": "َAdmin:",
    "MESSAGE_FROM_ADMIN": "Message from admin",
    "MESSAGE_TEXT": "Message:",
    "ERROR_USER_HAVE_TEST_SUB": "❌User already have a test subscription",
    "SUCCESS_RESET_TEST_SUB": "✅Test subscription reset",
    "WALLET_BALANCE_CHANGED_BY_ADMIN_P1": "💰Wallet balance changed to",
    "WALLET_BALANCE_CHANGED_BY_ADMIN_P2": "by admin",
    "SUCCESS_BAN_USER": "✅User banned",
    "SUCCESS_UNBAN_USER": "✅User unbanned"
  },
  "FA": {
    "WELCOME": "به ربات مدیریت هیدی بات خوش آمدید.",
    "ERROR_INVALID_NUMBER": "❌تنها اعداد مجاز هستند!",
    "ERROR_USER_NOT_FOUND": "❌کاربر یافت نشد",
    "ERROR_INVALID_COMMAND": "❌فرمان نامعتبر",
    "ERROR_UNKNOWN": "❌خطای ناشناخته",
    "ERROR_CONFIG_NOT_FOUND": "❌کانفیگ یافت نشد",
    "ERROR_PLAN_NOT_FOUND": "❌پلن یافت نشد",
    "ERROR_SUB_NOT_FOUND": "❌اشتراکی با این شناسه یافت نشد",
    "ERROR_CHANNEL_ID_NOT_SET": "❌آیدی کانال پشتیبانی تنظیم نشده است، لطفا ابتدا آن را تنظیم کنید.",
    "SUCCESS_USER_DELETED": "✅کاربر حذف شد",
    "SUCCESS_USER_EDITED": "✅کاربر ویرایش شد",
    "SUCCESS_USER_ADDED": "✅کاربر اضافه شد",
    "SUCCESS_USER_USAGE_EDITED": "✅محدودیت استفاده کاربر ویرایش شد به:",
    "SUCCESS_USER_DAYS_EDITED": "✅روزها ویرایش شد به:",
    "SUCCESS_USER_NAME_EDITED": "✅نام ویرایش شد به:",
    "SUCCESS_USER_COMMENT_EDITED": "✅یادداشت ویرایش شد به:",
    "SUCCESS_ADD_USER": "✅کاربر اضافه شد",
    "SUCCESS_SEARCH_USER": "✅کاربر یافت شد",
    "SUCCESS_SEARCH_SUB": "✅اشتراک یافت شد",
    "SUCCESS_SEND_MSG_USERS": "✅پیام به کاربران ارسال شد",
    "SUCCESS_REMOVED_SERVER": "✅سرور حذف شد",
    "SUCCESS_RESET_FREE_TEST": "✅محدودیت تست رایگان با موفقیت بازنشانی شد",
    "WAIT": "لطفاً منتظر بمانید...",
    "CANCELED": "❌لغو شد",
    "CANCEL_ADD_USER": "❌افزودن کاربر لغو شد",
    "ADD_USER_NAME": "لطفاً نام کاربر را وارد کنید: ",
    "ADD_USER_COMMENT": "لطفاً نظر کاربر را وارد کنید: ",
    "ADD_USER_USAGE_LIMIT": "لطفاً محدودیت استفاده کاربر (GB) را وارد کنید: ",
    "ADD_USER_DAYS": "لطفاً تعداد روز بسته‌ی کاربر را وارد کنید: ",
    "ENTER_NEW_USAGE_LIMIT": "لطفاً محدودیت استفاده جدید (GB) را وارد کنید: ",
    "ENTER_NEW_DAYS": "لطفاً محدودیت جدید را وارد کنید: ",
    "ENTER_NEW_NAME": "لطفاً نام جدید را وارد کنید: ",
    "ENTER_NEW_COMMENT": "لطفاً یادداشت جدید را وارد کنید: ",
    "RESET_USAGE": "✅محدودیت استفاده بازنشانی شد",
    "RESET_DAYS": "✅روزها بازنشانی شد",
    "ADD_USER_CONFIRM": "لطفاً اطلاعات را تأیید کنید:",
    "ERROR_NOT_ADMIN": "❌شما ادمین نیستید!",
    "NEW_USER_INFO": "[اطلاعات کاربر جدید]",
    "EDITED_USER_INFO": "[اطلاعات کاربر به‌روزرسانی شد]",
    "EXPIRED_USERS_LIST": "[لیست کاربران منقضی شده]",
    "GB": "گیگابایت",
    "DAY_EXPIRE": "روز دیگر",
    "INFO_USAGE": "📊مصرف:",
    "OF": "از",
    "INFO_REMAINING_DAYS": "📆انقضا:",
    "INFO_LAST_CONNECTION": "📶آخرین اتصال:",
    "INFO_COMMENT": "📝یادداشت:",
    "INFO_USER_NAME": "⬖ کاربر:",
    "INFO_USER_USERNAME": "⬖ نام کاربری:",
    "INFO_USER_NUM_ID": "⬖ شناسه کاربر:",
    "HEADER_USERS_LIST": "⬖ لیست کاربران",
    "HEADER_USERS_LIST_MSG": "ش️ما می‌توانید لیست کاربران و اطلاعات آن‌ها را اینجا مشاهده کنید",
    "NUM_USERS": "⬖ تعداد کاربران: ",
    "NUM_USERS_ONLINE": "🔵کاربران آنلاین: ",
    "NUM_GET_FREE_USERS": "⬖ تعداد کاربران تست رایگان: ",
    "NUM_ORDERED_USERS": "⬖ تعداد کاربران سفارشات: ",
    "TOTAL_BALANCE_USERS": "⬖ مجموع موجودی کیف پول کاربران: ",
    "SEARCH_USER": "لطفاً روش جستجو را انتخاب کنید",
    "SEARCH_USER_NAME": "لطفاً نام کاربر را وارد کنید: ",
    "SEARCH_USER_TELEGRAM_ID": "لطفا Telegram ID کاربر را وارد کنید: ",
    "SEARCH_USER_UUID": "لطفاً UUID کاربر را وارد کنید: ",
    "SEARCH_USER_CONFIG": "لطفاً یکی از کانفیگ های کاربر را وارد کنید: ",
    "SEARCH_RESULT": "[نتیجه جستجو]",
    "MONTH": "ماه",
    "WEEK": "هفته",
    "DAY": "روز",
    "HOUR": "ساعت",
    "MINUTE": "دقیقه",
    "ONLINE": "آنلاین",
    "AGO": "پیش",
    "NEVER": "هرگز",
    "TOMAN": "تومان",
    "CURRENT_VALUE": "مقدار فعلی",
    "ERROR_CLIENT_TOKEN": "❌ربات کاربران تنظیم نشده",
    "USERS_BOT_ADD_PLAN": "⬇️اطلاعات لازم را برای افزودن پلن وارد کنید",
    "USERS_BOT_ADD_PLAN_DAYS": "لطفا زمان(تعداد روزهای) پلن را وارد کنید:",
    "USERS_BOT_ADD_PLAN_USAGE": "لطفا محدودیت استفاده(گیگابایت) پلن را وارد کنید:",
    "USERS_BOT_ADD_PLAN_PRICE": "لطفا قیمت(تومان) پلن را وارد کنید:",
    "USERS_BOT_ADD_PLAN_DESC": "لطفا توضیحات پلن را وارد کنید:",
    "USERS_BOT_ADD_PLAN_CONFIRM": "لطفا اطلاعات زیر را تایید کنید",
    "USERS_BOT_ADD_PLAN_SUCCESS": "✅پلن با موفقیت افزوده شد",
    "USERS_BOT_OWNER_INFO_NOT_FOUND": "❌اطلاعات مالک یافت نشد \n لطفا ابتدا آن را تنظیم کنید.",
    "USERS_BOT_OWNER_INFO_ADD_USERNAME": "لطفا نام کاربری تلگرام پشتیبان را وارد کنید\nلطفا همراه با @ وارد کنید\nمثال: @example",
    "USERS_BOT_OWNER_INFO_ADD_CARD_NUMBER": "لطفا شماره 16 رقمی کارت بانکی جهت واریز را وارد کنید",
    "USERS_BOT_OWNER_INFO_ADD_CARD_NAME": "لطفا نام صاحب حساب بانکی جهت واریز را وارد کنید",
    "USERS_BOT_SEND_MSG_USERS": "لطفا پیام خود را برای ارسال به کاربران وارد کنید:",
    "USERS_BOT_PLANS_LIST": "📋لیست پلن های موجود",
    "USERS_BOT_SELECT_PLAN_TO_DELETE": "لطفا پلن مورد نظر را برای حذف انتخاب کنید",
    "USERS_BOT_PLAN_DELETED": "✅پلن با موفقیت حذف شد",
    "USERS_BOT_SETTINGS": "⚙️تنظیمات ربات کاربران",
    "USERS_BOT_SETTINGS_HYPERLINK": "تنظیم نمایش Hyperlink صفحه هیدیفای روی نام کاربر هنگام دریافت اطلاعات اشتراک",
    "USERS_BOT_ORDER_NUMBER_REQUEST": "لطفا [شناسه تراکنش] را وارد کنید:",
    "USERS_BOT_SUB_ID_REQUEST": "لطفا شناسه اشتراک را وارد کنید:",
    "USERS_BOT_SETTING_MIN_DEPO": "لطفا حداقل مبلغ واریزی را تعیین کنید:",
    "USERS_BOT_SETTING_CHANNEL_ID": "لطفا آیدی کانال را وارد کنید:",
    "USERS_BOT_SETTING_FORCE_JOIN_HELP": "⭕لطفا برای اجرای این قابلیت، حتما [ربات کاربران] را به کانال خود اضافه و آن را ادمین کنید!",
    "USERS_BOT_SETTING_WELCOME_MSG": "لطفا پیام خوش آمدگویی را تنظیم کنید:",
    "USERS_BOT_SETTING_FAQ_MSG": "لطفا متن سوالات متداول مورد نظر را برای نمایش در پنل کاربران وارد کنید:",
    "USERS_BOT_SETTINGS_TEST_SUB_DAYS": "لطفا تعداد روزهای اشتراک تست را تنظیم کنید:",
    "USERS_BOT_SETTINGS_TEST_SUB_USAGE": "لطفا حجم(گیگابایت) اشتراک تست را تنظیم کنید:",
    "USERS_BOT_SETTINGS_NOTIF_REMINDER_DAYS": "تعیین کنید که چند روز قبل از اتمام اشتراک پیام یادآوری تمدید اشتراک ارسال شود:",
    "USERS_BOT_SETTINGS_NOTIF_REMINDER_USAGE": "تعیین کنید که چند گیگ مانده به اتمام اشتراک پیام یادآوری تمدید اشتراک ارسال شود:",
    "USERS_BOT_SETTINGS_PANEL_MANUAL": "لطفا متن راهنمای مورد نظر را برای نمایش در پنل کاربران وارد کنید:",
    "USERS_BOT_SETTINGS_BACKUP_BOT": "فایل پشتیبان ربات",
    "USERS_BOT_SETTINGS_RESTORE_BOT": "📥 لطفا فایل پشتیبان خود را ارسال کنید: \n توجه داشته باشید که این قابلیت حساس میباشد و در صورت وجود هرگونه سوال یا شبهه، ابتدا با گروه پشتیبانی در ارتباط باشید.",
    "USERS_BOT_SETTINGS_RENEWAL_METHOD_ADVANCED_DAYS":"تعیین کنید که چند روز مانده به پایان اشتراک، کاربر مجاز به تمدید اشتراک باشد:",
    "USERS_BOT_SETTINGS_RENEWAL_METHOD_ADVANCED_USAGE":"تعیین کنید که چند گیگ مانده به پایان اشتراک، کاربر مجاز به تمدید اشتراک باشد:",
    "USERS_BOT_SETTINGS_RESET_FREE_TEST_LIMIT_QUESTION": "آیا از بازنشانی تست رایگان کاربران اطمینان دارید؟\n⚠️با تایید این مورد تمامی کاربران قادر به گرفتن تست رایگان مجدد می‌باشند",
    "SUCCESS_UPDATE_DATA": "✅اطلاعات با موفقیت به روز شد",
    "ERROR_INVALID_USERNAME": "❌آیدی نامعتبر است\n آیدی باید با @ شروع شود",
    "ERROR_INVALID_CARD_NUMBER": "❌شماره کارت نامعتبر است\nشماره کارت باید 16 رقمی باشد",
    "PAYMENT_CONFIRMED": "تراکنش شما تایید شد\n از طریق دکمه [📊وضعیت اشتراک] میتوانید به اطلاعات اشتراک خود دسترسی داشته باشید.",
    "PAYMENT_NOT_CONFIRMED": "تراکنش شما تایید نشد!\nلطفا اگر اشتباهی صورت گرفته با پشتیبانی در تماس باشید.",
    "ERROR_PAYMENT_ALREADY_CONFIRMED": "تراکنش قبلا تایید شده است",
    "ERROR_PAYMENT_ALREADY_REJECTED": "تراکنش قبلا رد شده است",
    "PAYMENT_CONFIRMED_ADMIN": "تراکنش با موفقیت تایید شد",
    "PAYMENT_NOT_CONFIRMED_ADMIN": "تراکنش تایید نشد",
    "ERROR_ORDER_NOT_FOUND": "❌سفارش یافت نشد",
    "ERROR_PAYMENT_NOT_FOUND": "تراکنش یافت نشد",
    "ERROR_GIFT_NOT_FOUND": "❌هدیه یافت نشد",
    "ORDER_ID": "شناسه تراکنش:",
    "SUB_ID": "شناسه اشتراک",
    "USER_TIME_EXPIRED": "⚠️منقضی",
    "USER_LAST_DAY": "آخرین روز",
    "PAYMENT_ASK_CHANGE_STATUS": "آیا میخواهید وضعیت تراکنش را تغییر دهید؟",
    "PAYMENT_ACCEPT_STATUS_CONFIRMED": "🟢تایید شده",
    "PAYMENT_ACCEPT_STATUS_NOT_CONFIRMED": "🔴رد شده",
    "PAYMENT_ACCEPT_STATUS_WAITING": "🟡در انتظار تایید",
    "PAYMENT_ACCEPT_STATUS": "وضعیت:",
    "CREATED_AT": "تاریخ ایجاد:",
    "WALLET_PAYMENT_CONFIRMED": "تراکنش شما تایید شد\n از طریق دکمه [💰کیف پول] میتوانید به موجودی کیف پول خود دسترسی داشته باشید.",
    "FEATUR_UNAVAILABLE": "❌این قابلیت در حال حاضر در دسترس نیست.",
    "REQUEST_JOIN_HIDY": "📍جهت دریافت آخرین اطلاعات، در گروه پشتیبانی عضو شوید.",
    "WELCOME_TO_ADMIN": "ربات مدیریت هیدی بات با موفقیت راه‌اندازی شد.\nبرای شروع کار، دستور /start را ارسال کنید.",
    "SUCCESS_RESTORE_BOT": "✅ربات با موفقیت بازیابی شد",
    "ADD_SERVER": "لطفا اطلاعات زیر را برای افزودن سرور وارد کنید",
    "ADD_SERVER_TITLE": "لطفا عنوانی را برای سرور وارد کنید:",
    "ADD_SERVER_USER_LIMIT": "لطفا محدودیت تعداد کاربر سرور را وارد کنید:",
    "ADD_SERVER_URL": "لطفا لینک سرور را وارد کنید:",
    "ERROR_ADD_SERVER_URL": "لطفا لینک معتبر ارسال کنید: ",
    "ERROR_SAME_SERVER_URL": "این لینک قبلا برای سرور دیگری ثبت شده است، لطفا لینک دیگری ارسال کنید:",
    "ADD_SERVER_SUCCESS": "✅سرور با موفقیت افزوده شد",
    "INFO_SERVER": "سرور:",
    "INFO_SERVER_USER_NUMBER": "تعداد کاربر:",
    "INFO_SERVER_USER_PLAN": "تعداد پلن:",
    "DELETE_SERVER_QUESTION": "آیا از حذف سرور مطمئن هستید؟\n⚠️بعد از حذف، اشتراک‌های مربوط به این سرور برای کاربران قابل مشاهده نمی‌باشد و غیر قابل بازگردانی می‌باشد.",
    "ERROR_SERVER_NOT_FOUND": "❌سرور یافت نشد",
    "INFO_PLAN_ID": "آی دی:",
    "INFO_PLAN_USAGE": "محدودیت مصرف(GB):",
    "INFO_PLAN_DAYS": "محدودیت زمان(روز):",
    "INFO_PLAN_PRICE": "قیمت:",
    "INFO_PLAN_DESC": "توضیحات:",
    "INFO_PLAN_NUM_ORDER": "تعداد سفارش:",
    "INFO_PLAN_TOTAL_SALE": "مجموع فروش:",
    "SUCCESS_SERVER_TITLE_EDITED":"✅عنوان سرور ویرایش شد به:",
    "SUCCESS_SERVER_USER_LIMIT_EDITED" : "✅محدودیت کاربر ویرایش شد به:",
    "SUCCESS_SERVER_URL_EDITED": "✅لینک سرور ویرایش شد به:",
    "SERVER": "⬖ سرور: ",
    "HEADER_ORDERS_LIST": "⬖ لیست سفارشات",
    "NUM_ORDERS": "⬖ تعداد سفارشات: ",
    "TOTAL_ORDERS_VALUME": "⬖ مجموع حجم سفارشات(GB): ",
    "TOTAL_ORDERS_SALES": "⬖ مجموع ارزش سفارشات: ",
    "LAST_30DAYS_NUM_ORDERS": "⬖ تعداد سفارشات 30 روز گذشته: ",
    "LAST_30DAYS_ORDERS_VALUME": "⬖ حجم سفارشات 30 روز گذشته(GB): ",
    "LAST_30DAYS_ORDERS_SALES": "⬖ ارزش سفارشات 30 روز گذشته: ",
    "THIS_MONTH_NUM_ORDERS": "⬖ تعداد سفارشات این ماه: ",
    "THIS_MONTH_ORDERS_VALUME": "⬖ حجم سفارشات این ماه(GB): ",
    "THIS_MONTH_ORDERS_SALES": "⬖ ارزش سفارشات این ماه: ",
    "HEADER_PAYMENT_LIST": "⬖ لیست تراکنشات",
    "NUM_PAYMENTS": "⬖ تعداد تراکنشات: ",
    "TOTAL_PAYMENTS_AMOUNT": "⬖ مبلغ تراکنشات: ",
    "LAST_30DAYS_NUM_PAYMENTS": "⬖ تراکنشات 30 روز گذشته: ",
    "LAST_30DAYS_PAYMENTS_AMOUNT": "⬖ مبلغ تراکنشات 30 روز گذشته: ",
    "THIS_MONTH_NUM_PAYMENTS": "⬖ تراکنشات این ماه: ",
    "THIS_MONTH_PAYMENTS_AMOUNT": "⬖ مبلغ تراکنشات این ماه: ",
    "GET_FREE_TEST_STATUS": "⬖ وضعیت دریافت تست رایگان: ",
    "WALLET_BALANCE": "⬖ موجودی کیف پول: ",
    "NUM_ORDER_SUB": "⬖ تعداد اشتراک‌های خریداری شده: ",
    "NUM_NON_ORDER_SUB": "⬖ تعداد اشتراک‌های متصل شده: ",
    "NUM_APPROVED_PAYMENTS": "⬖ تعداد تراکنشات تایید شده: ",
    "BOT_ORDER_ID": "⬖ شناسه سفارش: ",
    "ORDERED_VALUME": "⬖ حجم سفارش(GB): ",
    "ORDERED_DAYS": "⬖ تعداد روز سفارش: ",
    "ORDERED_PRICE": "⬖ مبلغ سفارش: ",
    "SUB_NAME": "⬖ عنوان اشتراک: ",
    "BOT_ORDER_DATE": "⬖ تاریخ سفارش: ",
    "ORDER_NUMBER_REQUEST": "لطفا شناسه سفارش را وارد کنید:",
    "PAYMENTS_ID": "⬖ شناسه تراکنش: ",
    "BOT_PAYMENT_DATE": "⬖ تاریخ تراکنش:",
    "PAIED_AMOUNT": "⬖ مبلغ تراکنش: ",
    "STATUS": "⬖ وضعیت: ",
    "PAYMENTS_METHOD": "⬖ روش تراکنش: ",
    "PAYMENT_NUMBER_REQUEST": "لطفا شناسه تراکنش را وارد کنید:",
    "CHANGE_STATUS_PAYMENT_CONFIRM_REQUEST": "⚠️آیا از تغییر وضعیت تراکنش، اطمینان دارید؟",
    "WALLET_CHANGED_TO_PAYMENT_CONFIRMED": "✅وضیعت تراکنش شما توسط مدیر به تایید شده تغییر یافت\nاز طریق دکمه [💰کیف پول] میتوانید به موجودی کیف پول خود دسترسی داشته باشید.",
    "PAYMENT_CHANGED_TO_NOT_CONFIRMED": "❌وضعیت تراکنش شما توسط مدیر به رد شده تغییر یافت و مبلغ تراکنش از موجود کیف پول شما کسر شد!\nلطفا اگر اشتباهی صورت گرفته با پشتیبانی در تماس باشید.",
    "PAYMENT_CHANGED_TO_CONFIRMED_ADMIN": "✅وضعیت تراکنش به تایید شده تغییر یافت",
    "PAYMENT_CHANGED_TO_NOT_CONFIRMED_ADMIN": "❌وضعیت تراکنش به رد شده تغییر یافت",
    "SUCCESS_SEARCH_ORDER": "✅سفارش یافت شد",
    "SUCCESS_SEARCH_PAYMENT": "تراکنش یافت شد",
    "NOT_SET": "تنظیم نشده",
    "EDIT_WALLET_BALANCE": "لطفا مبلغی که میخواهید موجودی کیف پول به آن تغییر کند را به تومان وارد کنید:",
    "SEND_MESSAGE_TO_USER": "لطفا متن پیامی که می خواهید برای کاربر ارسال شود را وارد کنید:",
    "MESSAGE_SENDED": "پیام ارسال شد",
    "ADMIN": "ادمین:",
    "MESSAGE_FROM_ADMIN": "📬پیام جدیدی از سمت ادمین دریافت شد",
    "MESSAGE_TEXT": "📄متن پیام:",
    "ERROR_USER_HAVE_TEST_SUB": "❌کاربر اکنون نیز اشتراک تست رایگان دارد",
    "SUCCESS_RESET_TEST_SUB": "✅اشتراک تست رایگان این کاربر با موفقیت بازنشانی شد",
    "WALLET_BALANCE_CHANGED_BY_ADMIN_P1": "💰موجودی کیف پول شما توسط مدیر به",
    "WALLET_BALANCE_CHANGED_BY_ADMIN_P2": "تومان تغییر یافت",
    "SUCCESS_BAN_USER": "✅کاربر مسدود شد",
    "SUCCESS_UNBAN_USER": "✅کاربر مسدود شده، آزاد شد"
  }
}