{
  "EN": {
    "BACK": "🔙Back",
    "SUBSCRIPTION_STATUS": "📊Subscription Status",
    "YES": "✅Yes",
    "NO": "❌No",
    "CONFIGS_DIR": "Configs",
    "CONFIGS_SUB_AUTO": "Auto Subscription",
    "CONFIGS_SUB": "Subscription Link",
    "CONFIGS_SUB_B64": "Subscription Link b64",
    "CONFIGS_CLASH": "Clash Subscription",
    "CONFIGS_HIDDIFY": "Hiddify Subscription",
    "CONFIGS_SING_BOX": "Sing-box",
    "CONFIGS_FULL_SING_BOX": "Full Sing-box",
    "UNLINK_SUBSCRIPTION": "⭕️Unlink Subscription",
    "BUY_SUBSCRIPTION": "💳Buy Subscription",
    "BUY_PLAN": "💳Card",
    "BUY_FROM_WALLET": "💰From wallet",
    "SEND_SCREENSHOT": "✅I paid, send receipt",
    "CANCEL": "❌Cancel",
    "CONFIRM_PAYMENT": "✅Confirm Payment",
    "LINK_SUBSCRIPTION": "🔗Link Subscription",
    "MANUAL": "📚Manual",
    "MANUAL_ANDROID": "Android Manual",
    "MANUAL_IOS": "IOS Manual",
    "MANUAL_WIN": "Windows Manual",
    "MANUAL_MAC": "Mac Manual",
    "MANUAL_LIN": "Linux Manual",
    "SEND_TICKET": "📩Supporter",
    "SEND_TICKET_TO_SUPPORT": "📩Send Message To Support",
    "ANSWER": "Answer",
    "TO_QR": "ً🖼QR",
    "CONFIGS_LIST": "📝Configs",
    "WALLET": "💰Wallet",
    "INCREASE_WALLET_BALANCE": "💵Increase wallet balance",
    "FREE_TEST": "🔥Free Test",
    "RENEWAL_SUBSCRIPTION": "🔄Renewal Subscription",
    "UPDATE_SUBSCRIPTION_INFO": "🔄Update Subscription Info",
    "JOIN_CHANNEL": "📢Join Channel",
    "FORCE_JOIN_CHANNEL_ACCEPTED": "✅I joined",
    "SEND_MESSAGE": "Send Message",
    "FAQ": "⁉FAQ"
  },
  "FA": {
    "BACK": "🔙بازگشت",
    "SUBSCRIPTION_STATUS": "📊وضعیت اشتراک",
    "YES": "✅بله",
    "NO": "❌خیر",
    "CONFIGS_DIR": "کانفیگ مستقیم",
    "CONFIGS_SUB_AUTO": "اشتراک خودکار",
    "CONFIGS_SUB": "لینک اشتراک",
    "CONFIGS_SUB_B64": "لینک اشتراک b64",
    "CONFIGS_CLASH": "اشتراک Clash",
    "CONFIGS_HIDDIFY": "اشتراک Hiddify",
    "CONFIGS_SING_BOX": "Sing-box",
    "CONFIGS_FULL_SING_BOX": "Full Sing-box",
    "UNLINK_SUBSCRIPTION": "⭕جداسازی اشتراک",
    "BUY_SUBSCRIPTION": "💳خرید اشتراک",
    "BUY_PLAN": "💳کارت به کارت",
    "BUY_FROM_WALLET": "💰پرداخت از کیف پول",
    "SEND_SCREENSHOT": "✅پرداخت کردم، ارسال رسید",
    "CANCEL": "❌لغو",
    "CONFIRM_PAYMENT": "✅تایید پرداخت",
    "LINK_SUBSCRIPTION": "🔗اتصال اشتراک",
    "MANUAL": "📚راهنما",
    "MANUAL_ANDROID": "راهنمای اندروید",
    "MANUAL_IOS": "راهنمای IOS",
    "MANUAL_WIN": "راهنمای ویندوز",
    "MANUAL_MAC": "راهنمای مک",
    "MANUAL_LIN": "راهنمای لینوکس",
    "SEND_TICKET": "📩پشتیبانی",
    "SEND_TICKET_TO_SUPPORT": "📤 ارسال پیام به پشتیبانی",
    "ANSWER": "📤پاسخ",
    "TO_QR": "ً🖼کیوآر",
    "CONFIGS_LIST": "📝 کانفیگ ها",
    "WALLET": "💰کیف پول",
    "INCREASE_WALLET_BALANCE": "💵افزایش موجودی",
    "FREE_TEST": "🔥تست رایگان",
    "RENEWAL_SUBSCRIPTION": "♾ تمدید اشتراک",
    "UPDATE_SUBSCRIPTION_INFO": "🔄 بروزرسانی اطلاعات",
    "JOIN_CHANNEL": "📢عضویت در کانال",
    "FORCE_JOIN_CHANNEL_ACCEPTED": "✅عضو شدم",
    "SEND_MESSAGE": "📤ارسال پیام",
    "FAQ": "⁉سوالات متداول"
  }
}