{
    "EN": {
        "WELCOME": "Welcome to users bot",
        "INFO_USER": "📄Your Subscription Info",
        "SUBSCRIPTION_STATUS": "☑️Status:",
        "ACTIVE_SUBSCRIPTION_STATUS": "🟢 Active",
        "DEACTIVE_SUBSCRIPTION_STATUS": "🔴 Deactive",
        "SERVER": "📡Server:",
        "INFO_USAGE": "📊Usage:",
        "INFO_REMAINING_DAYS": "⏳Remaining Days:",
        "INFO_ID": "🔑UUID:",
        "OF": "of",
        "GB": "GB",
        "DAY_EXPIRE": "Days",
        "CONFIRM_SUBSCRIPTION_QUESTION": "Is this your subscription?",
        "NAME": "Name:",
        "CANCEL_SUBSCRIPTION": "Subscription not confirmed",
        "SUBSCRIPTION_CONFIRMED": "Your subscription has been confirmed. Now you can get your subscription status.",
        "WAIT": "Please wait...",
        "UNKNOWN_ERROR": "Unknown error!",
        "ENTER_SUBSCRIPTION_INFO": "Please enter your subscription info\n One of the configs, uuid or subscription link",
        "SUBSCRIPTION_INFO_NOT_FOUND": "Subscription info not found!",
        "SUBSCRIPTION_UNLINKED": "Subscription unlinked!",
        "USER_NOT_FOUND": "User not found!",
        "USER_NAME": "👤Name:",
        "PLANS_LIST": "📋Plans List:",
        "SERVERS_LIST": "🖥Server List:",
        "PLANS_NOT_FOUND": "Plans not found!",
        "SERVERS_NOT_FOUND": "Servers not found!",
        "PLAN_ADD_NAME": "Please enter your name:",
        "SUBSCRIPTION_SUCCESS_ADDED": "Your subscription has been successfully added.",
        "PLAN_INFO": "📄Plan Info:",
        "PLAN_INFO_SIZE": "Size:",
        "PLAN_INFO_DAYS": "Days:",
        "PLAN_INFO_PRICE": "Price:",
        "DISCOUNT_PROMPT": "🎟 Please send your discount code:",
        "DISCOUNT_PROMPT_CB": "Send discount code",
        "DISCOUNT_APPLIED": "✅ Discount code applied.",
        "DISCOUNT_INVALID": "Invalid discount code.",
        "DISCOUNT_INACTIVE": "This discount code is inactive.",
        "DISCOUNT_EXPIRED": "This discount code has expired.",
        "DISCOUNT_NOT_STARTED": "This discount code is not active yet.",
        "DISCOUNT_MAX_USES": "This discount code has reached its usage limit.",
        "DISCOUNT_PER_USER_LIMIT": "You have already used this discount code.",
        "DISCOUNT_MIN_PRICE": "This discount code cannot be used for this amount.",
        "DISCOUNT_AMOUNT": "Discount:",
        "FINAL_PRICE": "Final price:",
        "PLAN_INFO_DESC": "Description:",
        "TOMAN": "T",
        "RIAL": "R",
        "REQUEST_SEND_SCREENSHOT": "Please send your payment receipt.",
        "ERROR_TYPE_SEND_SCREENSHOT": "Please send your payment receipt as a photo!",
        "REQUEST_SEND_NAME": "Please send your name.",
        "NO_SUBSCRIPTION": "You have no subscription!",
        "WAIT_FOR_ADMIN_CONFIRMATION": "✅Your subscription is waiting for confirmation by the admin.\nPlease wait...",
        "NEW_PAYMENT_RECEIVED": "New payment received",
        "PAYMENT_ASK_TO_CONFIRM": "Do you want to confirm this payment?",
        "REQUEST_SEND_TO_QR": "Please send your config or subscription link:",
        "REQUEST_SEND_TO_QR_ERROR": "Please send your config or subscription!",
        "USER_CONFIGS_LIST": "📋Your Configs:",
        "USER_CONFIGS_NOT_FOUND": "Configs not found!",
        "ERROR_CONFIG_NOT_FOUND": "Config not found!",
        "ERROR_INVALID_COMMAND": "Invalid command!",
        "ALREADY_SUBSCRIBED": "You are already subscribed!",
        "ERROR_INVALID_NUMBER": "Invalid number!",
        "CANCELED": "Cancelled!",
        "SUBSCRIPTION_NOT_FOUND": "Subscription not found!",
        "ZERO_BALANCE": "🔻Your wallet balance is zero",
        "WALLET_INFO_PART_1": "🔻Your wallet balance is",
        "WALLET_INFO_PART_2": "",
        "INCREASE_WALLET_BALANCE_AMOUNT": "🔻Please enter the amount that you want to charge your wallet in Tomans",
        "MINIMUM_DEPOSIT_AMOUNT": "🔻Please enter an amount more than",
        "LACK_OF_WALLET_BALANCE": "❌Your wallet balance is not enough\nplease top up your wallet",
        "ORDER_ID": "Payment number:",
        "PAYMENT_CONFIRMED": "✅Payment confirmed",
        "ALREADY_RECEIVED_FREE": "You have already received your free test account!",
        "GET_FREE_CONFIRMED": "✅Your free account has been successfully registered",
        "SUCCESSFUL_RENEWAL": "✅Your subscription has been successfully renewed",
        "REQUEST_START": "Please update the bot with /start command",
        "CANCEL_INCREASE_WALLET_BALANCE": "❌Increase balance not confirmed",
        "REQUEST_JOIN_CHANNEL": "Please join our channel to use the bot",
        "ADMIN_NOTIFY_NEW_SUB" : "A new subscription was registered with the name of:",
        "ADMIN_NOTIFY_CONFIRM" : "",
        "ADMIN_NOTIFY_NEW_FREE_TEST" : "A new free tesst subscription was registered with the name of:",
        "ADMIN_NOTIFY_NEW_RENEWAL" : "",
        "ADMIN_NOTIFY_NEW_RENEWAL_2" : "subscription was extended",
        "FREE_TEST_NOT_AVAILABLE" : "Free test is not available at the moment",
        "REQUEST_SELECT_OS_MANUAL": "📥Please select your operating system:",
        "MANUAL_ANDROID": "\uD83D\uDCE5Android:\n<a href='https://play.google.com/store/apps/details?id=com.v2ray.ang'>V2RayNG</a>\n<a href='https://play.google.com/store/apps/details?id=ang.hiddify.com'>HiddifyNG</a>",
        "MANUAL_IOS": "\uD83D\uDCE5iOS:\n<a href='https://apps.apple.com/us/app/streisand/id6450534064'>Streisand</a>\n<a href='https://apps.apple.com/us/app/foxray/id6448898396'>Foxray</a>\n<a href='https://apps.apple.com/us/app/v2box-v2ray-client/id6446814690'>V2box</a>",
        "MANUAL_WIN": "\uD83D\uDCE5Windows:\n<a href='https://github.com/MatsuriDayo/nekoray/releases'>Nekoray</a>\n<a href='https://github.com/2dust/v2rayN/releases'>V2rayN</a>\n<a href='https://github.com/hiddify/HiddifyN/releases'>HiddifyN</a>",
        "MANUAL_LIN": "📥Linux:<a href='https://github.com/MatsuriDayo/nekoray/releases'>Nekoray</a>",
        "MANUAL_MAC": "📥Mac:<a href='https://github.com/MatsuriDayo/nekoray/releases'>Nekoray</a>",
        "MANUAL_HDR": "⭕Connection Guide",
        "WELCOME_TO_ADMIN": "Users bot has been successfully launched.\nPlease send /start command to start working.",
        "BUY_SUBSCRIPTION_CLOSED": "Buy subscription is not available at the moment.",
        "RENEWAL_SUBSCRIPTION_CLOSED": "Renewal subscription is not available at the moment.",
        "INFO_USER_NAME": "⬖ User:",
        "INFO_USER_USERNAME": "⬖ Username:",
        "INFO_USER_NUM_ID": "⬖ User ID:",
        "ANSWER_TO_ADMIN": "Please submit your answer:",
        "MESSAGE_SENDED": "Message Sended",
        "NOT_SET":"Not set",
        "JOIN_CHANNEL_SUCCESSFUL":"Join channel successful",
        "SEND_TICKET_TO_ADMIN": "Please submit your question:",
        "SEND_TICKET_TO_ADMIN_RESPONSE": "✅Your message has been sent to support\n⏳We will respond as soon as possible.",
        "SEND_TICKET_TO_ADMIN_TEMPLATE":"Do you have any questions?\nContact us.",
        "NEW_TICKET_RECEIVED": "📩New ticket received",
        "TICKET_TEXT": "📄Ticket text:",
        "SERVER_IS_FULL": "⛔️The capacity of the selected server is full\nPlease select another server\nWe will try to increase the capacity of the servers as soon as possible",
        "BANNED_USER": "⛔️You are banned from using the bot"
    },
    "FA": {
        "WELCOME": "به ربات کاربران خوش آمدید",
        "INFO_USER": "📄اطلاعات اشتراک شما",
        "SUBSCRIPTION_STATUS": "❔وضعیت:",
        "ACTIVE_SUBSCRIPTION_STATUS": "🟢 فعال",
        "DEACTIVE_SUBSCRIPTION_STATUS": "🔴 غیر فعال",
        "SERVER": "📡سرور:",
        "INFO_USAGE": "📊میزان استفاده:",
        "INFO_REMAINING_DAYS": "⏳زمان باقی مانده:",
        "INFO_ID": "🔑شناسه:",
        "OF": "از",
        "GB": "گیگ",
        "DAY_EXPIRE": "روز",
        "CONFIRM_SUBSCRIPTION_QUESTION": "آیا این اشتراک شماست؟",
        "NAME": "نام:",
        "CANCEL_SUBSCRIPTION": "❌اشتراک تایید نشد",
        "SUBSCRIPTION_CONFIRMED": "✅اشتراک شما تایید شد. حالا میتوانید وضعیت اشتراک خود را دریافت کنید.",
        "WAIT": "لطفا صبر کنید...",
        "UNKNOWN_ERROR": "❌خطای ناشناخته!",
        "ENTER_SUBSCRIPTION_INFO": "لطفا اطلاعات اشتراک خود را وارد کنید.\nیکی از کانفیگ ها، uuid یا لینک اشتراک⬇️",
        "SUBSCRIPTION_INFO_NOT_FOUND": "❌اطلاعات اشتراک یافت نشد!",
        "USER_NOT_FOUND": "❌کاربر یافت نشد.",
        "SUBSCRIPTION_UNLINKED": "✅اشتراک از ربات جداسازی شد",
        "USER_NAME": "👤نام:",
        "PLANS_LIST": "📋پلن های موجود",
        "SERVERS_LIST": "📡لیست سرورها",
        "PLANS_NOT_FOUND": "❌پلنی یافت نشد!",
        "SERVERS_NOT_FOUND": "❌سروری یافت نشد!",
        "PLAN_ADD_NAME": "لطفا نام خود را وارد کنید:",
        "SUBSCRIPTION_SUCCESS_ADDED": "✅اشتراک شما با موفقیت اضافه شد.",
        "PLAN_INFO": "📋اطلاعات پلن انتخاب شده",
        "PLAN_INFO_SIZE": "📊حجم:",
        "PLAN_INFO_PRICE": "💰قیمت:",
        "DISCOUNT_PROMPT": "🎟 لطفاً کد تخفیف را ارسال کنید:",
        "DISCOUNT_PROMPT_CB": "ارسال کد تخفیف",
        "DISCOUNT_APPLIED": "✅ کد تخفیف اعمال شد.",
        "DISCOUNT_INVALID": "کد تخفیف نامعتبر است.",
        "DISCOUNT_INACTIVE": "این کد تخفیف غیرفعال است.",
        "DISCOUNT_EXPIRED": "این کد تخفیف منقضی شده است.",
        "DISCOUNT_NOT_STARTED": "زمان استفاده از این کد هنوز نرسیده است.",
        "DISCOUNT_MAX_USES": "ظرفیت استفاده از این کد تکمیل شده است.",
        "DISCOUNT_PER_USER_LIMIT": "شما قبلاً از این کد استفاده کرده‌اید.",
        "DISCOUNT_MIN_PRICE": "این کد برای این مبلغ قابل استفاده نیست.",
        "DISCOUNT_AMOUNT": "تخفیف:",
        "FINAL_PRICE": "مبلغ نهایی:",
        "PLAN_INFO_DAYS": "📆زمان:",
        "PLAN_INFO_DESC": "✏️توضیحات:",
        "TOMAN": "تومان",
        "RIAL": "ریال",
        "REQUEST_SEND_SCREENSHOT": "⬇️لطفا رسید پرداخت خود را در زیر این پیام ارسال کنید:",
        "ERROR_TYPE_SEND_SCREENSHOT": "⬇️لطفا رسید پرداخت خود را به صورت عکس ارسال کنید:",
        "REQUEST_SEND_NAME": "⬇️لطفا نام خود را ارسال کنید:",
        "NO_SUBSCRIPTION": "❌شما هیچ اشتراکی ندارید!",
        "WAIT_FOR_ADMIN_CONFIRMATION": "✅تراکنش شما در انتظار تایید توسط ادمین است.\nلطفا صبر کنید.",
        "NEW_PAYMENT_RECEIVED": "تراکنش جدیدی ثبت شد",
        "PAYMENT_ASK_TO_CONFIRM": "آیا شما این تراکنش را تایید میکنید؟",
        "REQUEST_SEND_TO_QR": "لطفا کانفیگ یا لینک اشتراک خود را ارسال کنید:",
        "REQUEST_SEND_TO_QR_ERROR": "متن ارسالی معتبر نیست\nلطفا کانفیگ یا لینک اشتراک خود را به صورت متنی ارسال کنید!",
        "USER_CONFIGS_LIST": "📋لیست کانفیگ های شما",
        "USER_CONFIGS_NOT_FOUND": "❌کانفیگی یافت نشد!",
        "ERROR_CONFIG_NOT_FOUND": "❌کانفیگ یافت نشد!",
        "ERROR_INVALID_COMMAND": "❌دستور نامعتبر!",
        "ALREADY_SUBSCRIBED": "❌اشتراک شما قبلا اضافه شده است.",
        "ERROR_INVALID_NUMBER": "❌لطفا مقداری عددی وارد کنید!",
        "CANCELED": "❌لغو شد",
        "SUBSCRIPTION_NOT_FOUND": "❌شما اشتراک فعالی ندارید!",
        "ZERO_BALANCE": "🔻موجودی کیف پول شما صفر می‌باشد",
        "WALLET_INFO_PART_1": "🔻موجودی کیف پول شما",
        "WALLET_INFO_PART_2": "تومان می‌باشد",
        "INCREASE_WALLET_BALANCE_AMOUNT": "🔻لطفا مبلغی که قصد شارژ حساب خود دارید را به تومان وارد کنید",
        "MINIMUM_DEPOSIT_AMOUNT": "❗حداقل مبلغ شارژ حساب",
        "LACK_OF_WALLET_BALANCE": "❌موجودی کیف پول شما کافی نیست\n⬇️لطفا از طریق دکمه زیر کیف پول خود را شارژ کنید و سپس پرداخت را انجام دهید",
        "ORDER_ID": "شناسه تراکنش",
        "PAYMENT_CONFIRMED": "تراکنش شما تایید شد\n از طریق دکمه [📊وضعیت اشتراک] میتوانید به اطلاعات اشتراک خود دسترسی داشته باشید.",
        "ALREADY_RECEIVED_FREE": "شما قبلا اکانت تست رایگان خود را دریافت نموده‌اید!",
        "GET_FREE_CONFIRMED": "✅اکانت تست رایگان شما با موفقیت ثبت شد\n از طریق دکمه [📊وضعیت اشتراک] میتوانید به اطلاعات اشتراک خود دسترسی داشته باشید.",
        "SUCCESSFUL_RENEWAL": "✅تمدید اشتراک شما با موفقیت انجام شد",
        "REQUEST_START": "لطفا ربات را با دستور /start شروع کنید",
        "CANCEL_INCREASE_WALLET_BALANCE": "❌افزایش موجودی لغو شد",
        "REQUEST_JOIN_CHANNEL": "لطفا برای استفاده از ربات ابتدا در کانال ما عضو شوید",
        "ADMIN_NOTIFY_NEW_SUB" : "👤اشتراک جدیدی با نام",
        "ADMIN_NOTIFY_CONFIRM" : "ثبت شد",
        "ADMIN_NOTIFY_NEW_FREE_TEST" : "اشتراک تست رایگان جدیدی با نام",
        "ADMIN_NOTIFY_NEW_RENEWAL_2" : "تمدید شد",
        "ADMIN_NOTIFY_NEW_RENEWAL" : "اشتراک",
        "FREE_TEST_NOT_AVAILABLE" : "اکانت تست رایگان در حال حاضر در دسترس نمی‌باشد",
        "REQUEST_SELECT_OS_MANUAL": "📥لطفا سیستم عامل خود را انتخاب کنید:",
        "MANUAL_ANDROID": "\uD83D\uDCE5Android:\n<a href='https://play.google.com/store/apps/details?id=com.v2ray.ang'>V2RayNG</a>\n<a href='https://play.google.com/store/apps/details?id=ang.hiddify.com'>HiddifyNG</a>",
        "MANUAL_IOS": "\uD83D\uDCE5iOS:\n<a href='https://apps.apple.com/us/app/streisand/id6450534064'>Streisand</a>\n<a href='https://apps.apple.com/us/app/foxray/id6448898396'>Foxray</a>\n<a href='https://apps.apple.com/us/app/v2box-v2ray-client/id6446814690'>V2box</a>",
        "MANUAL_WIN": "\uD83D\uDCE5Windows:\n<a href='https://github.com/MatsuriDayo/nekoray/releases'>Nekoray</a>\n<a href='https://github.com/2dust/v2rayN/releases'>V2rayN</a>\n<a href='https://github.com/hiddify/HiddifyN/releases'>HiddifyN</a>",
        "MANUAL_LIN": "📥Linux:\n<a href='https://github.com/MatsuriDayo/nekoray/releases'>Nekoray</a>",
        "MANUAL_MAC": "📥Mac:\n<a href='https://github.com/MatsuriDayo/nekoray/releases'>Nekoray</a>",
        "MANUAL_HDR": "لطفا سیستم عامل خود را انتخاب کنید",
        "WELCOME_TO_ADMIN": "ربات کاربران هیدی بات با موفقیت راه‌اندازی شد.\nبرای شروع کار، دستور /start را ارسال کنید.",
        "BUY_SUBSCRIPTION_CLOSED": "در حال حاضر امکان خرید اشتراک وجود ندارد.",
        "RENEWAL_SUBSCRIPTION_CLOSED": "در حال حاضر امکان تمدید اشتراک وجود ندارد.",
        "INFO_USER_NAME": "⬖ کاربر:",
        "INFO_USER_USERNAME": "⬖ نام کاربری:",
        "INFO_USER_NUM_ID": "⬖ شناسه کاربر:",
        "ANSWER_TO_ADMIN": "لطفا پاسخ خود را ارسال کنید:",
        "MESSAGE_SENDED": "پیام ارسال شد",
        "NOT_SET": "تنظیم نشده",
        "JOIN_CHANNEL_SUCCESSFUL": "✅عضویت شما در کانال با موفقیت انجام شد",
        "SEND_TICKET_TO_ADMIN": "📞لطفا سوال یا موضوع مورد بحث را در قالب یک پیام کامل و جامع ارسال کنید:",
        "SEND_TICKET_TO_ADMIN_RESPONSE": "✅ پیام شما با موفقیت برای پشتیبانی ارسال شد\n⏳ما در سریع ترین زمان ممکن پاسخگو خواهیم بود.",
        "SEND_TICKET_TO_ADMIN_TEMPLATE":"نیاز به پشتیبانی دارید؟\nبا ما در ارتباط باشید.",
        "NEW_TICKET_RECEIVED": "📩تیکت جدیدی دریافت شد",
        "TICKET_TEXT": "📄متن تیکت:",
        "SERVER_IS_FULL": "⛔️ظرفیت سرور انتخاب شده تکمیل شده\nلطفا سرور دیگری انتخاب کنید\nسعی ما بر این است که در اسرع وقت ظرفیت سرورها را افزایش دهیم",
        "BANNED_USER": "⛔️شما از استفاده از ربات محروم شده‌اید"
    }
}